"コードを読むときに最初に確認すべき観点は何か？","構文レベル（文法レベル）でおかしくないかを最初に確認する。<br><br>【解説】<br>いきなり実行結果やロジックを追うのではなく、まず「このコードは文章として成り立っているか？」をチェックする。<br>`class` や `if`、`{}`、`;` などが正しく並んでいないと、そもそもコンパイルが通らないため、実行時の挙動を考えても意味がない。","java code-reading compile-order basic syntax"
"文法レベル（構文レベル）のチェックで確認すべきキーワードや記号には何があるか？","`class` / `if` / `{` / `}` / `;` などが正しく閉じているか・対応しているかを確認する。<br><br>【解説】<br>構文レベルでは、構造を形作るキーワードや記号が正しく対応しているかを確認する。<br>`{` と `}` の対応が崩れていたり、`;` が抜けていたりすると、コンパイラはソースコードを正しく構文解析できない。","java code-reading syntax basic"
"文法レベルのチェックでメソッド宣言について何を確認すべきか？","メソッド宣言が正しい形（戻り値の型・メソッド名・引数リスト・本体ブロックなど）になっているかを確認する。<br><br>【解説】<br>例えば、戻り値の型が抜けていたり、丸括弧や波括弧が対応していないと、コンパイルエラーになる。<br>メソッド宣言が正しくないと、そのメソッドを呼び出す以前にソースコードとして無効になる。","java code-reading syntax basic"
"`return` 文について文法レベルでどのような点を確認すべきか？","`return` の位置がおかしくないか、`return` の後ろに文が不適切に続いていないかを確認する。<br><br>【解説】<br>構文として `return` の後にコードが書かれていると、言語仕様やコンパイラによってはエラーや警告の対象となる。<br>特にJavaでは、`return` の後に到達不能なコードがある場合はコンパイルエラー（到達不能コード）として扱われる。","java code-reading syntax reachability basic"
"構文ミスを見つけた場合、実行結果についてはどのように扱うべきか？","構文ミスがあれば、その時点で「実行結果」を考えるのは打ち切りにし、実行結果は考えない。<br><br>【解説】<br>構文エラーがあるコードはコンパイルすら通らないため、実行されることがない。<br>したがって、「このコードはどう動くか？」を考える前に、「そもそもコンパイルが通るか？」を優先し、通らないと分かったら実行結果の検討は不要になる。","java code-reading syntax mindset basic"
"コードを読むときの2番目のチェック観点は何か？","2番目は「型レベル（型チェック）」でおかしくないかを見る。<br><br>【解説】<br>構文が正しいことを確認した後、次に「型の整合性」を確認する。<br>これは、メソッド呼び出しや代入などで、型が一致しているか、解釈に曖昧さがないかを調べる段階である。","java code-reading compile-order type-check basic"
"型レベルのチェックではメソッド呼び出しについてどのような点を確認するか？","メソッド呼び出しの引数の型が宣言されたパラメータ型と一致しているかを確認する。<br><br>【解説】<br>例えば、`fill(Box box)` というメソッドに対して `fill(b.value)` のように `int` を渡していないかを確認する。<br><pre><code>class Box {}<br>void fill(Box box) { /*...*/ }<br>int value = 10;<br>// 誤りの例<br>fill(value); // int を渡しており Box と型が一致しない</code></pre>","java code-reading type-check basic"
"型レベルのチェックにおいて、代入文では何を確認すべきか？","代入の左右の型が一致しているか、互換性があるかを確認する。<br><br>【解説】<br>例えば、`String s = 10;` のように、本来 `String` 型が求められるところに `int` リテラルを代入するのは型エラーになる。<br><pre><code>// 誤りの例<br>String s = 10; // int を String に代入しようとしている</code></pre>","java code-reading type-check basic"
"オーバーロードされたメソッド呼び出しについて型レベルでどんな問題を確認するか？","オーバーロード呼び出しで解決不能になっていないか、あるいは候補が曖昧になっていないかを確認する。<br><br>【解説】<br>複数のオーバーロードが存在し、引数の型からどれを呼ぶべきかコンパイラが一意に決められない場合、コンパイルエラーになる。<br>そのため、オーバーロードの設計や呼び出し側の引数の型に注意を払う必要がある。","java code-reading type-check basic"
"型エラーを発見した場合、実行結果についてはどう扱うべきか？","型エラーがあれば、その時点で「実行結果」を考えず、「どこが型的にダメか」を特定することに集中する。<br><br>【解説】<br>型エラーがあるコードもコンパイルが通らないため実行されない。<br>よって、型エラーが発見された時点で「どう動くか」ではなく「なぜコンパイルが通らないか」を説明できるようにすることが重要である。","java code-reading type-check mindset basic"
"コードを読むときの3番目のチェック観点は何か？","3番目は「到達可能性（unreachable code）」を確認することである。<br><br>【解説】<br>構文・型のチェックを通過した後でも、「実行フロー上、絶対に実行されないコード」が存在するとJavaではコンパイルエラーになる。<br>そのため、`return` や `throw`、無限ループの後ろにコードが書かれていないかをチェックする必要がある。","java code-reading reachability compile-order basic"
"到達可能性のチェックで `return;` や `throw` の後ろについて何を確認するか？","`return;` や `throw` の後ろに文が続いていないか（到達不能になっていないか）を確認する。<br><br>【解説】<br>`return` や `throw` の文を実行すると、その後のコードには制御が戻らない。<br>それにもかかわらず後ろに文があると、その文は到達不能コードとなり、Javaではコンパイルエラーとなる。","java code-reading reachability basic"
"到達可能性のチェックで `while(true)` についてどのような点を確認するか？","`while(true)` のような無限ループの後ろに文が続いていないか（到達不能になっていないか）を確認する。<br><br>【解説】<br>`while(true)` が途中で抜けない設計になっていれば、その後ろに書かれたコードは実行されない。<br>コンパイラがそれを検出できる場合、後続のコードは到達不能として扱われ、エラーの原因となる。","java code-reading reachability basic"
"到達不能コードの具体例として示された `if (cond)` のコードでは、どこが問題か？","`if (cond) { return; System.out.println(\"ここは到達不能でエラー\"); }` において、`System.out.println` の行が到達不能コードでありエラーになる。<br><br>【解説】<br>`if` ブロック内で `return;` が実行されると、そのメソッドから即座に抜けるため、同じブロック内の後続文には制御が移らない。<br><pre><code>if (cond) {<br>    return;<br>    System.out.println(\"ここは到達不能でエラー\"); // この行には到達しない<br>}</code></pre>","java code-reading reachability basic"
"`if (true)` のような条件式について到達可能性の観点から何を確認するか？","`if (true)` のようにコンパイラが条件を確定的に true/false と判断できる場合、その結果として一部のコードが到達不能になっていないかを確認する。<br><br>【解説】<br>例えば、`if (false) { ... }` ブロック内のコードは決して実行されないとコンパイラが判断できるため、到達不能コードとみなされる。<br>同様に、`if (true)` の後の `else` ブロックのコードも、状況によっては到達不能と判断される。","java code-reading reachability basic"
"到達可能性に問題があるコードについて、コンパイルと実行結果はどのように判断すべきか？","到達可能性に問題があれば「そもそもコンパイルが通らない」と判断し、「実行結果は存在しない」とみなす。<br><br>【解説】<br>Javaでは到達不能コードもコンパイルエラーの対象である。<br>したがって、到達不能な行がある時点でそのコードは実行に到達しないため、「どう動くか」を考える対象にならない。","java code-reading reachability mindset basic"
"コードを読む際、『コンパイルが通るか？』を判断するための3つの観点の順序は？","「構文 → 型 → 到達可能性」の順にチェックして、「このコードはコンパイルが通るか？」を判断する。<br><br>【解説】<br>まず文として成り立っているか（構文）、次に型が整合しているか（型）、最後にフロー上の矛盾がないか（到達可能性）を確認する。<br>この順序で見ることで、効率よくエラーの有無を切り分けることができる。","java code-reading compile-order basic"
"コンパイルが通らないコードに対して、どのような説明ができるようになるべきか？","「どこが・なぜ通らないか」を説明できるようにするべきである。<br><br>【解説】<br>単に「エラーが出る」で終わらせず、「この行のこの部分が構文的におかしい」「この変数の型が合わない」「この行は到達不能」といった形で具体的に説明することが重要。<br>これは試験問題の採点基準にもなりうるし、実務ではレビューコメントとして価値が高い。","java code-reading mindset basic"
"コンパイルが通らないと分かった時点で、実行結果に関してどのように考えるべきか？","コンパイルが通らないと分かった時点で、実行結果の想像は打ち切るべきであり、続けて考える意味はない。<br><br>【解説】<br>コンパイルエラーがあるコードは実行されないため、どの順で出力されるかなどを考えるのは無駄になる。<br>その時間は、エラーの原因究明と修正に使うべきである。","java code-reading mindset basic"
"構文・型・到達可能性の3つがすべて問題ないと判断できた場合、次に何を行うか？","3つすべて問題なくコンパイルが通ると判断できたら、そこで初めて「実行時の動き」を追う。<br><br>【解説】<br>この段階で初めて「変数の中身」「どのメソッドが呼ばれるか」「出力の順番」などを詳細に追跡する。<br>コンパイル可能性の確認を飛ばして実行パスを追うと、そもそも存在しない実行結果について考えることになってしまう。","java code-reading compile-order mindset basic"
"実行時の動きを追う段階で、変数についてどのようなことを確認するか？","各変数にどのような値が入るかを、実行フローに沿って追跡する。<br><br>【解説】<br>`if` や `for`、メソッド呼び出しなどを通じて変数の値がどのように変化するかを一歩ずつ確認する。<br>これにより、バグの原因となる予期せぬ値の変化や未初期化の使用などを発見できる。","java code-reading runtime basic"
"実行時の動きを追う段階で、メソッド呼び出しについて何を確認するか？","どのメソッドが実際に呼ばれるか（オーバーロード・オーバーライドの解決結果）を確認する。<br><br>【解説】<br>同じ名前のメソッドが複数ある場合、引数の型や動的バインディングによってどの実装が選ばれるかが変わる。<br>実行時にどのメソッドが呼ばれるかを正しく把握しないと、意図しない実装が動いていることに気づけない。","java code-reading runtime basic"
"実行時の動きを追う段階で、出力についてどのようなことを確認するか？","`if` / `for` / メソッド呼び出しなどの流れに沿って、どの順番で出力されるかを確認する。<br><br>【解説】<br>標準出力やログの順番は、制御フローと密接に関係している。<br>分岐やループ、再帰などによって、期待した順番と実際の出力順が食い違う場合があるため、実行パスに沿って丁寧に追う必要がある。","java code-reading runtime basic"
"コードを読むとき、頭の中で最初に自問すべき問いは何か？","「このコード、まずコンパイル通る？」という問いを頭の中で立てる。<br><br>【解説】<br>この問いを出発点にすることで、構文・型・到達可能性の3段階のチェックに自然と意識が向く。<br>コンパイルが通るかどうかを最優先に判断する姿勢が、効率的なコード理解につながる。","java code-reading mindset basic"
"コードを読むときのチェック順序（構文・型・到達可能性）は、どのような位置づけで使うべきか？","「構文 → 型 → 到達可能性 → 実行時の動き」という読み方を毎回のテンプレとして体に染み込ませて使うべきである。<br><br>【解説】<br>この順序をテンプレ化することで、毎回迷わず同じ手順でコードを評価できるようになる。<br>結果として、試験問題でも実務でも、コード理解のスピードと精度が上がる。","java code-reading mindset compile-order basic"
"この読み方テンプレートを身につけると、試験問題に対してどのような効果があるか？","この読み方テンプレートを身につけると、試験問題を解くときが楽になる。<br><br>【解説】<br>試験問題では、「コンパイルエラーになるか／ならないか」や「実行結果は何か」を問う典型問題が多い。<br>構文→型→到達可能性→実行時というテンプレに従えば、こうした問題を機械的かつ確実に解けるようになる。","java code-reading exam mindset basic"
"この読み方テンプレートを身につけると、実務のコードレビューにどのような効果があるか？","同じテンプレートを使うことで、実務におけるコードレビューも楽になる。<br><br>【解説】<br>レビュー時に「まずコンパイルが通るか」「型は正しいか」「到達不能コードはないか」を系統立ててチェックできるようになる。<br>これにより、レビュー観点がブレにくくなり、指摘漏れも減らせる。","java code-reading review mindset basic"