"配列でアクセスできるインデックスの最小値は？","配列の有効なインデックス範囲は0以上です。<br>最小インデックスは常に0になります。<br><br>【解説】<br>Javaの配列は0から始まるインデックスを採用しています。例えば`new int[5]`の場合、インデックスは`0,1,2,3,4`となり、`-1`や`5`は範囲外です。<br><pre><code>int[] seats = new int[5]; // 有効インデックス: 0〜4</code></pre>","java blackbook chapter6 exceptions array index out_of_bounds basic"
"配列の最大インデックスは？","配列の最大インデックスは`length - 1`です。<br><br>【解説】<br>`int[] seats = new int[5];`であれば、`length`は5なので最大インデックスは`5 - 1 = 4`です。`array[length]`にアクセスすると必ず範囲外になり、`ArrayIndexOutOfBoundsException`が発生します。<br><pre><code>int[] seats = new int[5];<br>// seats[4] はOK、seats[5] は例外</code></pre>","java blackbook chapter6 exceptions array index out_of_bounds basic"
"Listでアクセスできるインデックスの最小値は？","`List`でアクセスできるインデックスの最小値は0です。<br><br>【解説】<br>配列と同様に`List`も0始まりです。例えば`List<String> list = new ArrayList<>();`で要素を3つ追加した場合、有効インデックスは`0,1,2`です。`list.get(-1)`や`list.get(3)`は範囲外になります。","java blackbook chapter6 exceptions list index_out_of_bounds basic"
"Listの最大インデックスは？","`List`の最大インデックスは`size() - 1`です。<br><br>【解説】<br>`list.size()`が3なら、有効インデックスは`0,1,2`で、`size() - 1`が最大インデックスです。`list.get(list.size())`は範囲外アクセスで`IndexOutOfBoundsException`になります。","java blackbook chapter6 exceptions list index_out_of_bounds basic"
"Stringでアクセスできるインデックスの最小値は？","`String`でアクセスできるインデックスの最小値は0です。<br><br>【解説】<br>`String s = \"abc\";`なら、`charAt(0)`が先頭文字、`charAt(1)`が2文字目…となり、負のインデックスはすべて不正です。","java blackbook chapter6 exceptions string index_out_of_bounds basic"
"Stringの最大インデックスは？","`String`の最大インデックスは`length() - 1`です。<br><br>【解説】<br>`String s = \"abc\";`なら`length()`は3なので、有効インデックスは`0,1,2`です。`s.charAt(3)`は範囲外になり`StringIndexOutOfBoundsException`が発生します。","java blackbook chapter6 exceptions string index_out_of_bounds basic"
"配列の範囲外インデックスにアクセスすると、どの例外が発生する？","`ArrayIndexOutOfBoundsException`が実行時にスローされます。<br><br>【解説】<br>配列は0〜`length - 1`の範囲だけが有効で、それ以外にアクセスするとJVMがチェックして例外を投げます。<br><pre><code>int[] seats = new int[5];<br>seats[5] = 1; // ArrayIndexOutOfBoundsException</code></pre>","java blackbook chapter6 exceptions array ArrayIndexOutOfBoundsException basic"
"Listなど一般的なコレクションで範囲外インデックスにアクセスすると、どの例外が発生する？","`IndexOutOfBoundsException`が実行時にスローされます。<br><br>【解説】<br>`List`の実装（`ArrayList`など）は`0`以上`size() - 1`以下かをチェックし、範囲外なら`IndexOutOfBoundsException`を投げます。配列とは別の例外クラスである点に注意します。","java blackbook chapter6 exceptions list IndexOutOfBoundsException basic"
"Stringで範囲外インデックスにアクセスすると、どの例外が発生する？","`StringIndexOutOfBoundsException`が実行時にスローされます。<br><br>【解説】<br>`String`は内部的に文字配列のような連続領域を持ちますが、範囲外アクセス時には`StringIndexOutOfBoundsException`という専用の例外が用意されています。スタックトレースからバグ箇所を特定するヒントになります。","java blackbook chapter6 exceptions string StringIndexOutOfBoundsException basic"
"配列・List・Stringのインデックスチェックは、いつ行われる？（コンパイル時か実行時か）","実行時に行われます。<br><br>【解説】<br>Javaコンパイラは定数式でない限りインデックスの正当性を静的には判断できません。そのため、JVMやライブラリが実行時に「0以上かつ要素数未満か」をチェックし、違反していれば例外をスローします。","java blackbook chapter6 exceptions index runtime_check basic"
"Javaの配列やString、Listでインデックスが範囲外だったとき、JVMはなぜ例外をスローする設計になっている？","不正なメモリアクセスを防ぎ、安全に処理を中断するためです。<br><br>【解説】<br>範囲外インデックスのまま生メモリを読み書きすると、他のデータを壊したり、未定義動作を引き起こします。Javaは安全性重視の設計のため、境界チェックで検出した時点で例外を投げて処理を止めます。","java blackbook chapter6 exceptions index safety_design basic"
"ベンチの例えで、配列のインデックス0〜4は何に対応していた？","5人掛けベンチの「左から0〜4番の席」に対応していました。<br><br>【解説】<br>ベンチの席番号をインデックスとみなすことで、「存在しない席番号＝範囲外インデックス」という直感的イメージが得られます。6人目が「5番の席」に座ろうとするのが`seats[5]`アクセスに相当します。","java blackbook chapter6 exceptions index analogy basic"
"ベンチの例えで、「案内係がその席はありませんと言って対応を止める」ことは、プログラム上で何に対応する？","例外をスローして処理を中断することに対応します。<br><br>【解説】<br>存在しない席番号の要求を受けた案内係が処理を打ち切るのと同様、Javaは範囲外アクセスを検出したら例外をスローし、それ以上処理を進めません。これにより、異常な状態を早期に表面化させます。","java blackbook chapter6 exceptions index analogy exception basic"
"初学者が「配列の最大インデックスはlengthだ」と誤解すると、どんなコードを書きがち？","`array[length]`のような範囲外アクセスを書きがちです。<br><br>【解説】<br>要素数と最大インデックスを混同すると、`for (int i = 0; i <= array.length; i++)`のようなコードを書いてしまい、最後の反復で`ArrayIndexOutOfBoundsException`になります。最大インデックスは常に`length - 1`であることを意識する必要があります。","java blackbook chapter6 exceptions array length_off_by_one basic"
"Javaで負のインデックス（例: -1）を使うとどうなる？","すべて範囲外となり、対応する`IndexOutOfBoundsException`系の例外がスローされます。<br><br>【解説】<br>他言語（Pythonなど）の感覚で「末尾は-1」と考えると、Javaでは即座に例外になります。Javaのインデックスは常に0以上です。","java blackbook chapter6 exceptions index negative basic"
"配列やリスト変数がnullでないことと、要素が1つ以上あることの関係は？","両者は別物であり、変数がnullでなくても要素数0の可能性があります。<br><br>【解説】<br>`new int[0]`や`Collections.emptyList()`は「変数は非nullだが中身は空」です。この状態でインデックス0を参照すると範囲外例外になります。「nullでない」と「要素がある」は切り分けて考える必要があります。","java blackbook chapter6 exceptions index empty_collection basic"
"配列・文字列・Listと例外クラスの対応関係を答えよ。","配列→`ArrayIndexOutOfBoundsException`、文字列→`StringIndexOutOfBoundsException`、Listなど一般コレクション→`IndexOutOfBoundsException`です。<br><br>【解説】<br>スタックトレースに現れる例外クラスから、どの種別のインデックス範囲外かを逆算できます。この対応を覚えておくと、デバッグ時に原因の特定がしやすくなります。","java blackbook chapter6 exceptions array string list index exceptions_mapping basic"
"Javaアプリケーションのエントリポイントとなるmainメソッドのシグネチャは？","`public static void main(String[] args)`です。<br><br>【解説】<br>JVMはこの形式の`main`メソッドを探してアプリケーションを起動します。修飾子や引数型が異なるとエントリポイントとして認識されません。","java blackbook chapter6 exceptions main args signature basic"
"コマンドライン引数が1つも指定されなかったとき、mainメソッドに渡されるargsの値は？","nullではなく「要素数0のString配列」です。<br><br>【解説】<br>JVMは起動時に必ず`String[]`インスタンスを生成してから`main`に渡します。引数0個のときは長さ0の配列になり、`args == null`は常にfalseです。","java blackbook chapter6 exceptions main args empty_array basic"
"mainメソッドにおいて、args.lengthはどのような値の範囲を取る？","常に0以上の整数です。<br><br>【解説】<br>`args`はnullにはならず、要素数0以上の`String[]`インスタンスが渡されます。そのため、`args.length`は0（引数なし）の場合も含めて0以上です。","java blackbook chapter6 exceptions main args length basic"
"「配列変数がnullかどうか」と「配列の要素数が0かどうか」は、どのように扱うべき？","別々に判定すべきです。<br><br>【解説】<br>nullは「配列オブジェクト自体が存在しない」ことを意味し、長さ0は「配列は存在するが中身が空」を意味します。`args`のようにnullにならない前提の変数では、長さ0判定だけで十分です。","java blackbook chapter6 exceptions main args null_vs_empty basic"
"mainを呼び出す主体は何か？","JVM（Java仮想マシン）です。<br><br>【解説】<br>JVMは起動時にコマンドライン引数を`String[]`として構築し、その参照を`main`に渡します。プログラマが直接`main`をnewして呼ぶわけではありません。","java blackbook chapter6 exceptions main jvm_caller basic"
"会議の出席者リストの例えで、「参加者が0人でも空のリストを紙で渡す」ことは、プログラム上で何に対応する？","引数0個でも空の`String[]`を`args`として渡すことに対応します。<br><br>【解説】<br>紙そのものを渡さない（null）状態にはせず、常に「空リスト」という実体を渡すという方針が、`args`がnullにならない仕様のイメージです。","java blackbook chapter6 exceptions main args analogy basic"
"通常の起動手順で、mainメソッドのargsがnullになることはあるか？","通常はありません。<br><br>【解説】<br>JVMは必ず`String[]`インスタンスを生成してから渡すため、`args == null`は通常の起動では常にfalseです。特殊な反則的呼び出しをしない限り、null想定は不要です。","java blackbook chapter6 exceptions main args never_null basic"
"「引数がない＝argsがnull」と思い込むことの問題点は？","実際には`args`は空配列なので、誤ったnullチェックや不要な分岐を書く原因になります。<br><br>【解説】<br>`if (args == null)`というコードは通常意味を持たず、本当に必要なのは`args.length == 0`かどうかのチェックです。この誤解は引数処理ロジックのバグにつながります。","java blackbook chapter6 exceptions main args beginner_pitfall basic"
"「配列変数がnullである」状態は何を意味する？","配列オブジェクトそのものが存在しない状態を意味します。<br><br>【解説】<br>参照変数がどのインスタンスも指しておらず、メソッド呼び出しや要素アクセスを行うと`NullPointerException`の原因になります。","java blackbook chapter6 exceptions array null_definition basic"
"「配列の長さが0である」状態は何を意味する？","配列オブジェクトは存在するが、中に要素が1つもない状態を意味します。<br><br>【解説】<br>`new int[0]`のように長さ0で生成された配列は、変数は非nullですが`length`が0であるため、どのインデックスにもアクセスできません。","java blackbook chapter6 exceptions array length_zero_definition basic"
"try-catch-finally構文で文法的に許される並びの1つは？","`try { ... } catch(...) { ... } finally { ... }`です。<br><br>【解説】<br>標準的な形で、`try`に続いて0個以上の`catch`、最後に任意の`finally`を1つだけ書けます。すべてのブロックに波括弧が必要です。","java blackbook chapter6 exceptions try_catch_finally syntax basic"
"try-catch-finally構文で、もう1つ許される並びは？","`try { ... } finally { ... }`です。<br><br>【解説】<br>例外の型ごとに処理を分けたいわけではなく、「必ず後始末だけしたい」場面では、`catch`なしで`finally`だけをつけた形が使えます。","java blackbook chapter6 exceptions try_finally syntax basic"
"try構文におけるcatch節とfinally節の個数制約は？","catch節は0個以上、finally節は0または1個までです。<br><br>【解説】<br>catchは例外型ごとに複数並べられますが、finallyを複数書く構文はありません。`try`の後ろには少なくとも`catch`か`finally`のどちらか1つが必須です。","java blackbook chapter6 exceptions try_catch_finally count basic"
"finally節はコード上どこに書ける？","必ずcatch節の後ろにのみ書けます。<br><br>【解説】<br>`try { } finally { } catch { }`のような順序はコンパイルエラーです。`try`→`catch`群→`finally`という順序だけが許されます。","java blackbook chapter6 exceptions try_catch_finally order basic"
"tryやcatchブロックの中でreturnや例外スローがあっても、finallyブロックはどうなる？","呼び出し元に制御が戻る前に必ず実行されます。<br><br>【解説】<br>JVMは戻り値やスローする例外を一時的に保持し、その前に`finally`を実行するように制御フローを組み立てます。これにより、後始末コードは必ず実行されます。","java blackbook chapter6 exceptions try_catch_finally finally_always basic"
"try構文の目的は何か？","例外発生の有無にかかわらず後始末を確実に行うことです。<br><br>【解説】<br>ファイルやネットワーク接続などのリソースを確実に解放するために、`try`〜`catch`〜`finally`を使います。`finally`にクローズ処理を入れるのが典型です。","java blackbook chapter6 exceptions try_catch_finally purpose basic"
"try-catch-finallyの構文ルールが限定されている理由は？","制御フローを単純かつ予測しやすく保つためです。<br><br>【解説】<br>自由な並びを許すと、どの順序でどのブロックが実行されるかが分かりにくくなります。`try`→`catch`→`finally`という制約により、人間にもコンパイラにも分かりやすい挙動が保証されます。","java blackbook chapter6 exceptions try_catch_finally design basic"
"部屋を出るときに「最後に必ずドアを閉める」という例えは、どの構文要素に対応する？","`finally`ブロックに対応します。<br><br>【解説】<br>話が早く終わっても、急に用事ができて走って出ても、必ずドアを閉めるというルールは`finally`の「必ず実行される」性質を表現しています。","java blackbook chapter6 exceptions try_catch_finally analogy basic"
"サンプルメソッドsample()内のfinallyブロックは、どのようなメッセージを出力する？","\"必ず実行される\"というメッセージを出力します。<br><br>【解説】<br><pre><code>static int sample() {<br>    try {<br>        return 1;<br>    } catch (RuntimeException e) {<br>        return 2;<br>    } finally {<br>        System.out.println(\"必ず実行される\");<br>    }<br>}</code></pre><br>どの経路でメソッドを抜けても、このprintlnは実行されます。","java blackbook chapter6 exceptions try_catch_finally sample basic"
"tryだけ単独で書いた場合、どうなる？","`catch`か`finally`が続かないためコンパイルエラーになります。<br><br>【解説】<br>`try { ... }`の直後には必ず`catch`か`finally`（または両方）が必要です。`try`単独の構文は存在しません。","java blackbook chapter6 exceptions try_catch_finally no_lonely_try basic"
"finallyを複数書こうとするとどうなる？","構文上許されないためコンパイルエラーになります。<br><br>【解説】<br>後始末コードが複数ある場合は、1つの`finally`ブロックの中に順序を決めてまとめて記述します。","java blackbook chapter6 exceptions try_catch_finally multiple_finally basic"
"finally内のreturnは、tryやcatchで決まっていた戻り値・例外にどう影響しうる？","それらを上書きすることがあります。<br><br>【解説】<br>`try`で`return 1;`が決まっていても、`finally`で`return 2;`すると、最終的な戻り値は2になります。例外も同様に、`finally`側のスローが優先されることがあります。","java blackbook chapter6 exceptions try_catch_finally finally_overwrite basic"
"ネストしたtry-catch-finallyでは、finallyの実行順序はどうなる？","内側のtry-catch-finallyがすべて処理された後で、外側のfinallyが実行されます。<br><br>【解説】<br>ネスト構造では「内側→外側」の順に後始末が行われます。これを意識しないと、リソース開放の順番を誤ることがあります。","java blackbook chapter6 exceptions try_catch_finally nested_order basic"
"例外クラスにおけるサブクラスの例外は、どの型のcatch節でも捕捉できる？","そのサブクラスのスーパークラス型のcatch節でも捕捉できます。<br><br>【解説】<br>例えば`IOException`は`Exception`のサブクラスなので、`catch (Exception e)`でも捕捉可能です。この性質がcatch順序の制約につながります。","java blackbook chapter6 exceptions catch_order inheritance basic"
"catch節でスーパークラス型を先に書くと、後ろのサブクラスcatchはどう判定される？","到達不能と判定され、コンパイルエラーになります。<br><br>【解説】<br>上から順に評価したとき、スーパークラス側でサブクラスを含めてすべて捕捉できてしまうため、後続のサブクラスcatchには制御が到達しないと解析されます。","java blackbook chapter6 exceptions catch_order unreachable basic"
